<?xml version="1.0" encoding="UTF-8"?><project-modules id="moduleCoreId" project-version="1.5.0">
    <wb-module deploy-name="Clinic">
        <wb-resource deploy-path="/" source-path="/src/main/java"/>
        <wb-resource deploy-path="/" source-path="/src/main/resources"/>
        <wb-resource deploy-path="/" source-path="/target/generated-sources/annotations"/>
        <wb-resource deploy-path="/" source-path="/src/test/java"/>
        <wb-resource deploy-path="/" source-path="/src/test/resources"/>
        <wb-resource deploy-path="/" source-path="/target/generated-test-sources/test-annotations"/>
    </wb-module>
</project-modules>
